{"cameraMode":{"drawMode":0,"name":"Shaded","section":"Shading Mode"},"sceneLighting":true,"audioPlay":false,"sceneViewState":{"m_AlwaysRefresh":false,"showFog":true,"showSkybox":true,"showFlares":true,"showImageEffects":true,"showParticleSystems":true,"showVisualEffectGraphs":true,"m_FxEnabled":true},"in2DMode":false,"pivot":{"x":2.1426892280578615,"y":-2.3721299171447756,"z":0.36946186423301699},"rotation":{"x":0.31261056661605837,"y":-0.1836664229631424,"z":0.061755336821079257,"w":0.9298960566520691},"size":11.925186157226563,"orthographic":false}